v,vw,o,c,h,l,t,n
86025393.0,288.8074,292.2,296.37,297.11,276.05,1643000400000,1302281
72848368.0,288.3988,291.52,288.49,294.99,285.17,1643086800000,1113735
90428853.0,300.3828,307.985,296.71,308.5,293.03,1643173200000,1195374
53481317.0,302.4325,302.66,299.84,307.3,297.93,1643259600000,741935
49743698.0,302.7982,300.23,308.26,308.48,294.45,1643346000000,696183
46444536.0,309.4288,308.95,310.98,312.38,306.37,1643605200000,645244
40950396.0,307.3995,310.41,308.76,310.63,305.1293,1643691600000,598895
36635989.0,312.2137,309.63,313.46,315.12,308.88,1643778000000,513102
43729972.0,305.2465,309.49,301.25,311.23,299.96,1643864400000,585711
35093302.0,305.3962,300.21,305.94,308.8,299.97,1643950800000,509726
28533286.0,303.3434,306.17,300.95,307.84,299.9,1644210000000,426621
32314988.0,303.6698,301.25,304.56,305.561,299.95,1644296400000,423786
31280171.0,309.6261,309.865,311.21,311.93,307.39,1644382800000,444035
45386199.0,304.061,304.04,302.38,309.12,300.7,1644469200000,608483
39160620.0,298.1235,303.19,295.04,304.29,294.22,1644555600000,615557
36359487.0,294.405,293.77,295.0,296.76,291.35,1644814800000,539722
27370688.0,299.5681,300.008,300.47,300.8,297.02,1644901200000,400816
29970121.0,297.4874,298.365,299.5,300.87,293.68,1644987600000,415675
32461580.0,292.994,296.36,290.73,296.8,290.0,1645074000000,507106
34256508.0,289.1356,293.05,287.93,293.86,286.305,1645160400000,554368
41736117.0,287.6534,285.0,287.72,291.54,284.5,1645506000000,605791
37797167.0,284.2303,290.18,280.27,291.7,280.1,1645592400000,647355
56989686.0,285.4542,272.51,294.59,295.16,271.52,1645678800000,809370
32546721.0,295.6957,295.14,297.31,297.63,291.655,1645765200000,521051
34627457.0,296.5331,294.31,298.79,299.14,293.0,1646024400000,452982
31217778.0,295.8563,296.4,294.95,299.97,292.15,1646110800000,468639
31873007.0,298.8646,295.36,300.19,301.47,293.698,1646197200000,531573
27314469.0,297.4481,302.89,295.92,303.13,294.05,1646283600000,408448
32369655.0,289.9672,294.29,289.86,295.66,287.165,1646370000000,539374
43157178.0,281.6699,288.53,278.91,289.69,278.53,1646629200000,672964
48157675.0,276.5819,277.8,275.85,283.96,270.0,1646715600000,700050
35204480.0,286.2058,283.44,288.5,289.6,280.78,1646802000000,506108
30628012.0,283.9699,283.02,285.59,286.6,280.58,1646888400000,461547
27209330.0,283.7288,287.96,280.07,289.51,279.43,1646974800000,421226
30660747.0,279.6999,280.34,276.44,285.3992,275.82,1647230400000,435907
34245085.0,284.064,280.35,287.15,287.82,278.725,1647316800000,507324
37729529.0,290.7357,289.11,294.39,294.57,283.2,1647403200000,532827
30802133.0,293.1691,293.29,295.22,295.61,289.37,1647489600000,434753
43222225.0,297.9485,295.37,300.43,301.0,292.73,1647576000000,416437
28351245.0,297.8602,298.89,299.16,300.14,294.9,1647835200000,437234
27599689.0,303.1289,299.8,304.06,305.0,298.77,1647921600000,404197
25715377.0,300.5899,300.51,299.49,303.23,297.7201,1648008000000,359919
24484456.0,301.84,299.14,304.1,304.2,298.315,1648094400000,318259
22566453.0,302.5129,305.23,303.68,305.5,299.2855,1648180800000,340082
29553438.0,308.8785,304.33,310.7,310.8,304.33,1648440000000,368660
30393403.0,313.2741,313.91,315.41,315.82,309.05,1648526400000,423166
28163555.0,313.7134,313.76,313.86,315.95,311.58,1648612800000,340160
33422070.0,310.4193,313.9,308.31,315.14,307.89,1648699200000,355031
27101029.0,308.0485,309.37,309.42,310.13,305.54,1648785600000,315032
24335868.0,313.7554,310.09,314.97,315.11,309.71,1649044800000,300000
23156719.0,311.7992,313.27,310.88,314.865,309.87,1649131200000,312602
40110372.0,300.4693,305.19,299.5,307.0,296.71,1649217600000,548742
31411155.0,300.9241,296.66,301.37,303.65,296.35,1649304000000,360492
24361917.0,298.2833,300.44,296.97,301.12,296.28,1649390400000,309094
34519264.0,286.8651,291.79,285.26,292.61,285.0,1649649600000,502222
30966721.0,284.9687,289.235,282.06,290.739,280.49,1649736000000,435819
21904429.0,285.8202,282.73,287.62,288.58,281.3,1649822400000,290613
28221607.0,282.3705,288.09,279.83,288.305,279.32,1649908800000,381427
20748800.0,280.1829,278.91,280.52,282.46,278.34,1650254400000,299125
22297720.0,283.7503,279.38,285.3,286.17,278.41,1650340800000,312037
22901807.0,286.9915,289.4,286.36,289.7,285.3702,1650427200000,313844
29454587.0,285.5863,288.58,280.81,293.3,280.06,1650513600000,411095
29405798.0,277.0631,281.68,274.03,283.2,273.38,1650600000000,455519
35678852.0,276.9162,273.29,280.72,281.11,270.77,1650859200000,507837
46512195.0,273.1034,277.5,270.22,278.3599,270.0,1650945600000,703111
63468094.0,285.1692,282.1,283.22,290.97,279.16,1651032000000,823597
33646570.0,286.9376,285.185,289.63,290.98,281.4562,1651118400000,448000
37073923.0,281.5777,288.61,277.52,289.88,276.5,1651204800000,475254
35127105.0,280.8292,277.71,284.47,284.94,276.22,1651464000000,501418
25978605.0,281.9915,283.96,281.78,284.13,280.15,1651550400000,352891
33598320.0,284.0704,282.59,289.98,290.88,276.73,1651636800000,460201
43260386.0,277.791,285.54,277.35,286.35,274.34,1651723200000,593657
37776182.0,274.9419,274.805,274.73,279.25,271.27,1651809600000,536610
47725952.0,266.3383,270.06,264.58,272.36,263.32,1652068800000,649440
39336424.0,269.8717,271.69,269.5,273.75,265.07,1652155200000,526747
48975898.0,263.2184,265.68,260.55,271.36,259.3,1652241600000,633608
51033802.0,254.7634,257.69,255.35,259.88,250.02,1652328000000,715930
34918893.0,260.1715,257.35,261.12,263.04,255.35,1652414400000,452458
32539933.0,260.8411,259.955,261.5,265.82,255.78,1652673600000,402395
28828799.0,265.5584,266.11,266.82,268.33,262.46,1652760000000,346098
31355985.0,256.42,263.0,254.08,263.6,252.77,1652846400000,414290
32692286.0,254.4025,253.9,253.14,257.67,251.88,1652932800000,408722
39164899.0,251.557,257.24,252.56,258.54,246.44,1653019200000,518558
33175379.0,258.9217,255.49,260.65,261.5,253.43,1653278400000,386147
29043904.0,257.8803,257.89,259.62,261.33,253.5,1653364800000,357104
28547947.0,260.9506,258.14,262.52,264.58,257.125,1653451200000,340324
25002105.0,265.2818,262.27,265.9,267.11,261.4294,1653537600000,297969
26910824.0,271.6528,268.48,273.24,273.34,267.56,1653624000000,307860
37827695.0,272.0011,272.53,271.87,274.77,268.93,1653969600000,363100
25285874.0,273.3295,275.195,272.42,277.69,270.04,1654056000000,321548
44008205.0,269.0219,264.45,274.58,274.65,261.6,1654142400000,532530
28058958.0,270.3279,270.31,270.02,273.45,268.41,1654228800000,303810
22397042.0,270.0763,272.06,268.75,274.18,267.22,1654488000000,260013
22860677.0,270.6967,266.635,272.5,273.13,265.94,1654574400000,247047
17372341.0,271.1519,271.71,270.41,273.0,269.61,1654660800000,234208
26439728.0,268.0203,267.78,264.79,272.7081,264.63,1654747200000,301845
31445841.0,254.9867,260.58,252.99,260.58,252.53,1654833600000,459375
45913188.0,244.2909,245.11,242.26,249.0242,241.53,1655092800000,587062
28651487.0,243.7922,243.86,244.49,245.74,241.51,1655179200000,370359
33111729.0,250.6363,248.31,251.76,255.3,246.42,1655265600000,410433
33169160.0,244.875,245.98,244.97,247.4174,243.02,1655352000000,437473
43081680.0,247.3623,244.7,247.65,250.5,244.03,1655438400000,426273
29928297.0,253.4288,250.255,253.74,254.75,249.51,1655784000000,325280
25961215.0,254.1738,251.89,253.13,257.17,250.37,1655870400000,305208
25861449.0,257.2249,255.57,258.86,259.37,253.63,1655956800000,317666
33908991.0,265.9715,261.808,267.7,267.98,261.72,1656043200000,341714
24615114.0,265.2573,268.205,264.89,268.3,263.28,1656302400000,288957
27377747.0,259.1302,263.98,256.48,266.91,256.32,1656388800000,337120
20069839.0,260.0577,257.59,260.26,261.97,255.76,1656475200000,267537
31713368.0,256.7307,257.05,256.83,259.53,252.9,1656561600000,350608
22837692.0,257.7792,256.39,259.58,259.77,254.61,1656648000000,298425
22971634.0,259.6188,256.16,262.85,262.98,254.74,1656993600000,336748
23809419.0,265.3515,263.75,266.21,267.99,262.4,1657080000000,297474
20859874.0,267.941,265.12,268.4,269.055,265.02,1657166400000,279545
19658751.0,266.3527,264.79,267.66,268.1,263.285,1657252800000,263735
19497608.0,264.4908,265.65,264.51,266.53,262.18,1657512000000,233465
35846600.0,256.3041,265.88,253.67,265.94,252.04,1657598400000,432650
29497423.0,251.3602,250.19,252.72,253.55,248.11,1657684800000,388753
25102823.0,251.4169,250.57,254.08,255.1374,245.94,1657771200000,338720
29774050.0,257.0741,255.72,256.72,260.3699,254.7727,1657857600000,320549
20975034.0,256.9949,259.75,254.25,260.84,253.3,1658116800000,259992
25012562.0,257.9481,257.575,259.53,259.72,253.68,1658203200000,285207
22788282.0,261.9933,259.9,262.27,264.87,258.91,1658289600000,292189
22404675.0,262.0806,259.79,264.84,264.89,257.03,1658376000000,266470
21880990.0,261.3876,265.24,260.36,265.33,259.07,1658462400000,275092
21055998.0,258.5975,260.995,258.83,261.5,256.81,1658721600000,245812
39322017.0,252.4793,259.86,251.9,259.88,249.57,1658808000000,523732
45987389.0,265.6154,261.16,268.74,270.05,258.85,1658894400000,539330
33459327.0,274.291,269.75,276.41,277.84,267.87,1658980800000,413167
32138752.0,279.8359,277.7,280.74,282.0,276.63,1659067200000,359385
21539580.0,278.4445,277.82,278.01,281.28,275.84,1659326400000,296190
22754184.0,274.9038,276.0,274.82,277.89,272.38,1659412800000,302750
23518874.0,281.282,276.76,282.47,283.5,276.61,1659499200000,305573
18098668.0,282.5465,281.8,283.65,283.8,280.1677,1659585600000,242902
16774606.0,281.721,279.15,282.91,283.65,278.68,1659672000000,240178
18757818.0,282.0016,284.05,280.32,285.92,279.32,1659931200000,258506
23405238.0,281.3194,279.64,282.3,283.08,277.61,1660017600000,264734
24652845.0,288.6242,288.17,289.16,289.81,286.94,1660104000000,301911
20065938.0,288.1876,290.85,287.02,291.21,286.51,1660190400000,250692
22619675.0,289.9108,288.48,291.91,291.91,286.94,1660276800000,236645
18053154.0,292.4294,291.0,293.47,294.18,290.11,1660536000000,220400
18102882.0,292.4112,291.99,292.71,294.04,290.42,1660622400000,238194
18203358.0,291.3739,289.74,291.32,293.35,289.47,1660708800000,243421
17032192.0,290.5375,290.189,290.17,291.91,289.08,1660795200000,220664
20570033.0,286.8317,288.9,286.15,289.25,285.56,1660881600000,242758
25061070.0,278.8803,282.08,277.75,282.46,277.22,1661140800000,291816
17527409.0,276.841,276.44,276.44,278.86,275.4,1661227200000,216859
18137019.0,276.0336,275.41,275.79,277.23,275.11,1661313600000,225085
16583407.0,276.986,277.33,278.85,279.02,274.52,1661400000000,207794
27549307.0,271.1515,279.08,268.09,280.34,267.98,1661486400000,333187
20320044.0,265.6183,265.85,265.23,267.4,263.85,1661745600000,268266
22767071.0,262.964,266.67,262.97,267.05,260.66,1661832000000,273161
24791834.0,262.8825,265.39,261.47,267.11,261.33,1661918400000,273069
23263431.0,258.2566,258.87,260.4,260.89,255.41,1662004800000,332384
22855380.0,258.8321,261.695,256.06,264.74,254.47,1662091200000,308514
21328242.0,254.1903,256.2,253.25,257.83,251.94,1662436800000,295717
24126700.0,256.7283,254.7,258.09,258.83,253.22,1662523200000,259248
20319911.0,257.6878,257.51,258.52,260.43,254.79,1662609600000,256506
22093190.0,263.845,260.5,264.46,265.23,260.29,1662696000000,279508
18747690.0,266.392,265.78,266.65,267.45,265.16,1662955200000,230393
33353318.0,254.603,258.84,251.99,260.4,251.59,1663041600000,431420
23912954.0,252.032,253.53,252.22,254.23,249.86,1663128000000,303097
31530948.0,246.6039,249.77,245.38,251.4,244.02,1663214400000,437477
39758168.0,243.9454,244.26,244.74,245.3,242.0627,1663300800000,363897
26826931.0,243.2548,242.465,244.52,245.14,240.85,1663560000000,327277
26660299.0,241.8909,242.065,242.45,243.51,239.64,1663646400000,322476
28625557.0,242.6906,244.27,238.95,247.66,238.9,1663732800000,356095
31058162.0,240.7113,237.8704,240.98,243.86,237.57,1663819200000,368591
34126048.0,238.2822,239.54,237.92,241.13,235.2,1663905600000,402915
27435190.0,238.5748,237.045,237.45,241.45,236.9,1664164800000,298277
27018732.0,237.0677,239.98,236.41,241.8,234.5,1664251200000,313534
28969679.0,239.2601,236.81,241.07,242.33,234.73,1664337600000,321343
27467433.0,236.4609,238.89,237.5,239.95,234.41,1664424000000,324999
35692780.0,235.717,238.29,232.9,240.54,232.73,1664510400000,349460
28855357.0,238.9979,235.41,240.74,241.61,234.66,1664769600000,310569
34888416.0,248.3777,245.09,248.88,250.36,244.975,1664856000000,363475
20316136.0,247.5403,245.99,249.2,250.58,244.1,1664942400000,240366
20239886.0,247.8246,247.93,246.79,250.34,246.08,1665028800000,248352
37737102.0,235.5773,240.902,234.24,241.32,233.17,1665115200000,434172
29743608.0,229.7802,233.05,229.25,234.559,226.73,1665374400000,379327
30473954.0,226.3341,227.62,225.41,229.06,224.11,1665460800000,349682
21903937.0,225.9151,225.4,225.75,227.86,223.96,1665547200000,260518
42551818.0,230.3739,219.85,234.24,236.1,219.13,1665633600000,489794
30198588.0,230.805,235.54,228.56,237.24,228.34,1665720000000,342373
28142268.0,237.102,235.82,237.53,238.96,235.135,1665979200000,305966
26329591.0,239.04,243.24,238.5,243.93,235.37,1666065600000,325506
19985698.0,236.6482,237.04,236.48,239.61,234.29,1666152000000,232870
21811015.0,237.1951,235.77,236.15,241.31,234.87,1666238400000,255775
26299733.0,239.3394,234.74,242.12,243.0,234.5,1666324800000,290614
24781432.0,245.3763,243.76,247.25,247.84,241.295,1666584000000,321981
34775505.0,247.9143,247.26,250.66,251.04,245.83,1666670400000,431898
82684846.0,233.5731,231.17,231.32,238.3,230.06,1666756800000,979052
40424645.0,227.6391,231.04,226.75,233.69,225.78,1666843200000,502651
40647724.0,233.1644,226.24,235.87,236.6,226.05,1666929600000,453458
28357265.0,232.713,233.76,232.13,234.92,231.15,1667188800000,310749
30582271.0,229.2736,234.6,228.17,235.74,227.325,1667275200000,355473
38400237.0,224.7701,229.46,220.1,231.3,220.04,1667361600000,463714
36633922.0,216.6521,220.09,214.25,220.41,213.98,1667448000000,461770
36789063.0,218.3495,217.55,221.39,221.59,213.431,1667534400000,410751
33497979.0,225.8583,221.99,227.87,228.41,221.28,1667797200000,346832
28192548.0,229.2191,228.7,228.87,231.65,225.84,1667883600000,328460
27851835.0,225.9814,227.37,224.51,228.6327,224.33,1667970000000,275026
46268021.0,239.8423,235.43,242.98,243.33,235.0,1668056400000,490190
34620246.0,245.5838,242.99,247.11,247.99,241.93,1668142800000,368001
31123340.0,242.0967,241.985,241.55,243.91,239.21,1668402000000,351680
31380517.0,243.3448,245.66,241.97,247.0,240.03,1668488400000,377449
24093272.0,242.0599,242.79,241.73,243.8,240.42,1668574800000,270175
23123544.0,241.2058,237.78,241.68,243.25,237.63,1668661200000,267476
27613523.0,240.7679,243.51,241.22,243.74,239.03,1668747600000,265827
26393200.0,242.283,241.43,242.05,244.67,241.19,1669006800000,270839
19665699.0,243.6504,243.59,245.03,245.31,240.71,1669093200000,216514
19508462.0,246.8767,245.105,247.58,248.28,244.27,1669179600000,229081
9200772.0,247.6767,247.31,247.49,248.7,246.73,1669352400000,126714
24810271.0,242.5337,246.08,241.76,246.65,240.8,1669611600000,273059
17956313.0,240.2757,241.4,240.33,242.79,238.21,1669698000000,222057
47594239.0,250.4124,240.57,255.14,255.33,239.86,1669784400000,448911
26028524.0,254.3605,253.87,254.69,256.12,250.9156,1669870800000,352798
21528520.0,253.1141,249.82,255.02,256.06,249.69,1669957200000,278398
23435294.0,250.6795,252.01,250.2,253.819,248.06,1670216400000,276722
22463727.0,246.1697,250.82,245.12,251.86,243.78,1670302800000,274238
20479222.0,244.4617,244.83,244.37,246.16,242.205,1670389200000,226749
22611757.0,246.7518,244.84,247.4,248.74,243.06,1670475600000,248284
20609743.0,246.2204,244.695,245.42,248.31,244.16,1670562000000,238476
30665069.0,250.9043,247.445,252.51,252.54,247.17,1670821200000,325566
42192634.0,258.0996,261.69,256.92,263.915,253.07,1670907600000,486403
35376633.0,258.7836,257.13,257.22,262.588,254.31,1670994000000,458426
35568093.0,249.5733,253.72,249.01,254.2,247.34,1671080400000,380775
86101994.0,245.2971,248.55,244.69,249.84,243.51,1671166800000,388901
29696436.0,240.6751,244.86,240.45,245.21,238.71,1671426000000,333301
25115802.0,241.363,239.4,241.8,242.91,238.42,1671512400000,255790
23690607.0,244.0321,241.69,244.43,245.615,240.11,1671598800000,249789
28651664.0,237.1404,241.255,238.19,241.99,233.87,1671685200000,349537
21206982.0,237.2671,236.11,238.73,238.87,233.9428,1671771600000,258172
16688648.0,237.264,238.7,236.96,238.93,235.83,1672117200000,226696
17457104.0,236.25,236.89,234.53,239.72,234.17,1672203600000,215793
19770693.0,240.1837,235.65,241.01,241.92,235.65,1672290000000,224833
21938472.0,238.6986,238.21,239.82,239.96,236.66,1672376400000,244268
25740036.0,239.8394,243.08,239.58,245.75,237.4,1672722000000,314904
50623394.0,228.5518,232.275,229.1,232.87,225.96,1672808400000,679231
39577823.0,223.604,227.2,222.31,227.55,221.7602,1672894800000,471302
43613574.0,223.3788,223.0,224.93,225.7601,219.35,1672981200000,495762
27369784.0,228.5989,226.45,227.12,231.2366,226.41,1673240400000,363680
27033881.0,228.7878,227.755,228.85,231.31,227.33,1673326800000,334659
28633081.0,233.9843,231.29,235.77,235.95,231.11,1673413200000,340052
27269486.0,237.813,235.26,238.51,239.9,233.56,1673499600000,400489
21333265.0,237.4748,237.002,239.23,239.37,234.92,1673586000000,300118
29831257.0,239.6706,237.97,240.35,240.91,237.09,1673931600000,370168
30028692.0,237.875,241.565,235.81,242.38,235.52,1674018000000,377927
28592433.0,232.5374,233.78,231.93,235.52,230.68,1674104400000,362262
35249809.0,238.2032,234.855,240.22,240.74,234.51,1674190800000,364051
31933951.0,242.7509,241.1,242.58,245.165,239.65,1674450000000,413335
40218444.0,243.7867,242.5,242.04,243.95,240.44,1674536400000,512442
66526641.0,237.4755,234.48,240.61,243.3,230.9,1674622800000,745426
33454491.0,245.411,243.65,248.0,248.31,242.0,1674709200000,401891
26498939.0,248.3935,248.99,248.16,249.83,246.83,1674795600000,336282
25867365.0,243.2164,244.51,242.71,245.6,242.2,1675054800000,308895
26541072.0,246.5374,243.45,247.81,247.95,242.945,1675141200000,256082
31259912.0,250.3172,248.0,252.75,255.18,245.47,1675227600000,386960
39931837.0,261.6241,258.82,264.6,264.69,257.25,1675314000000,533818
29059256.0,259.9308,259.542,258.35,264.2,257.1,1675400400000,408058
22517997.0,256.76,257.44,256.77,258.3,254.78,1675659600000,276674
50841365.0,264.6898,260.53,267.56,268.775,260.08,1675746000000,618791
54674349.0,270.3434,273.2,266.73,276.76,266.21,1675832400000,659530
42375102.0,267.304,273.8,263.62,273.98,262.8,1675918800000,472027
25808489.0,262.4025,261.53,263.1,264.09,260.662,1676005200000,334145
44614921.0,271.4438,267.64,271.32,274.6,267.15,1676264400000,499425
37047924.0,272.0367,272.67,272.17,274.97,269.28,1676350800000,471699
28962163.0,268.4251,268.32,269.32,270.73,266.18,1676437200000,370701
29529391.0,264.1021,264.02,262.15,266.74,261.9,1676523600000,389910
29998205.0,257.6854,259.39,258.06,260.09,256.0,1676610000000,392723
28372844.0,253.0254,254.48,252.67,255.49,251.59,1676955600000,341324
22491056.0,252.2065,254.09,251.51,254.34,250.34,1677042000000,276380
29219095.0,253.9406,255.56,254.77,256.84,250.48,1677128400000,366248
24860205.0,249.4099,249.96,249.22,251.0,248.1,1677214800000,339809
21184867.0,250.4964,252.46,250.16,252.82,249.39,1677474000000,267766
22490950.0,249.7791,249.07,249.42,251.49,248.73,1677560400000,250572
27530059.0,247.4368,250.76,246.27,250.93,245.79,1677646800000,331723
24795896.0,248.8533,246.55,251.11,251.4,245.61,1677733200000,317083
30760136.0,254.6492,252.19,255.29,255.62,251.39,1677819600000,326868
24099799.0,257.791,256.425,256.87,260.12,255.98,1678078800000,304174
21473179.0,254.9132,256.3,254.15,257.69,253.39,1678165200000,331543
17281277.0,252.804,254.04,253.7,254.5417,250.81,1678251600000,266009
26652187.0,255.2369,255.82,252.32,259.56,251.58,1678338000000,379554
28273930.0,249.6614,251.08,248.59,252.79,247.6,1678424400000,412570
33292721.0,253.747,247.4,253.92,257.91,245.73,1678680000000,444778
33614078.0,259.1414,256.75,260.79,261.07,255.86,1678766400000,424540
45990647.0,263.7382,259.98,265.44,266.48,259.21,1678852800000,609854
54832140.0,272.5174,265.205,276.2,276.56,263.28,1678939200000,689137
69527371.0,279.3912,278.26,279.43,283.33,276.3201,1679025600000,695574
43466649.0,272.0137,276.98,272.23,277.48,269.85,1679284800000,604272
34545504.0,272.3447,274.88,273.78,275.0,269.5191,1679371200000,425457
34871230.0,275.8227,273.4,272.29,281.04,272.18,1679457600000,486919
36610879.0,278.2622,277.94,277.66,281.06,275.2,1679544000000,447986
28199962.0,278.6135,277.24,280.57,280.63,275.28,1679630400000,391637
26840212.0,277.6231,280.5,276.38,281.4589,275.52,1679889600000,336991
21878647.0,273.8328,275.79,275.23,276.14,272.0451,1679976000000,288361
25087032.0,279.8952,278.96,280.51,281.1398,278.41,1680062400000,312671
25053410.0,283.1788,284.23,284.05,284.46,281.48,1680148800000,338299
32765976.0,286.5132,283.73,288.3,289.27,283.0,1680235200000,398970
24743342.0,286.2717,286.52,287.23,288.27,283.95,1680494400000,351148
25824299.0,287.9298,287.23,287.18,290.4499,285.67,1680580800000,351664
22064770.0,284.4017,285.85,284.34,287.15,282.92,1680667200000,315075
29770334.0,288.6584,283.21,291.6,292.08,282.03,1680753600000,391332
23095494.0,287.7271,289.208,289.39,289.6,284.71,1681099200000,320739
27011589.0,283.2909,285.75,282.83,285.98,281.64,1681185600000,397668
27392932.0,284.4641,284.79,283.49,287.01,281.96,1681272000000,392791
24212878.0,288.1325,283.59,289.84,289.9,283.17,1681358400000,319817
20982817.0,285.9764,287.0,286.14,288.48,283.69,1681444800000,325336
23836223.0,288.2686,289.93,288.8,291.6,286.16,1681704000000,327268
20129345.0,288.499,291.57,288.37,291.755,287.01,1681790400000,283384
17150271.0,287.4678,285.99,288.45,289.05,284.54,1681876800000,280116
23244363.0,286.6919,285.25,286.11,289.03,285.08,1681963200000,307055
21676387.0,285.0868,285.01,285.76,286.27,283.0608,1682049600000,312673
26611014.0,281.7132,282.09,281.77,284.95,278.72,1682308800000,420683
45759736.0,280.4904,279.51,275.42,281.6,275.37,1682395200000,616117
64542982.0,296.0297,296.7,295.37,299.57,292.73,1682481600000,870311
46462608.0,302.55,295.97,304.83,305.2,295.25,1682568000000,650723
36469613.0,306.256,304.01,307.26,308.93,303.31,1682654400000,496688
21267115.0,306.615,306.97,305.56,308.6,305.15,1682913600000,316909
26404431.0,306.093,307.76,305.41,309.18,303.91,1683000000000,393439
22360754.0,305.7745,306.62,304.4,308.61,304.09,1683086400000,352104
22519907.0,305.777,306.24,305.41,307.7626,303.4,1683172800000,311224
28196052.0,309.5482,305.72,310.65,311.97,304.27,1683259200000,381026
21308813.0,308.0936,310.13,308.65,310.2,306.09,1683518400000,335929
21340829.0,307.7179,308.0,307.0,310.04,306.31,1683604800000,299950
30078044.0,310.9026,308.62,312.31,313.0,307.67,1683691200000,398456
31680179.0,309.3559,310.1,310.11,311.12,306.2601,1683777600000,381620
19672946.0,308.1878,310.55,308.97,310.65,306.6,1683864000000,298800
16336547.0,309.0666,309.095,309.46,309.905,307.59,1684123200000,269983
25680347.0,312.432,309.83,311.74,313.71,309.83,1684209600000,352425
24315012.0,313.0997,312.29,314.0,314.43,310.74,1684296000000,308657
27275991.0,317.1105,314.53,318.52,319.04,313.72,1684382400000,386415
27543551.0,317.8475,316.74,318.34,318.75,316.37,1684468800000,325653
24115664.0,320.8507,318.6,321.18,322.59,318.01,1684728000000,342361
30797173.0,317.7116,320.03,315.26,322.72,315.25,1684814400000,430792
23384887.0,314.2333,314.73,313.85,316.5,312.61,1684900800000,353391
43205743.0,324.1808,323.24,325.92,326.9,320.0,1684987200000,549354
36630633.0,330.8431,324.02,332.89,333.4,323.88,1685073600000,509702
29503070.0,332.3713,335.23,331.21,335.74,330.52,1685419200000,522152
45950553.0,329.8836,332.29,328.39,335.94,327.33,1685505600000,494039
26773851.0,330.6137,325.93,332.58,333.53,324.72,1685592000000,412274
25853669.0,334.9782,334.247,335.4,337.5,332.55,1685678400000,392402
21307053.0,336.6865,335.22,335.94,338.5599,334.6601,1685937600000,374635
20396223.0,333.7197,335.33,333.68,335.37,332.17,1686024000000,339188
40706629.0,325.7113,331.65,323.38,334.49,322.5,1686110400000,615252
23260258.0,325.0463,323.935,325.26,326.64,323.35,1686196800000,373419
22528950.0,327.3052,324.99,326.79,329.99,324.41,1686283200000,367279
24281753.0,329.5156,328.58,331.85,332.0999,325.16,1686542400000,390478
22801279.0,333.4592,334.465,334.29,336.98,330.39,1686628800000,356040
26003791.0,336.4501,334.34,337.34,339.04,332.81,1686715200000,456396
38852845.0,345.5015,337.48,348.1,349.84,337.2,1686801600000,594418
46546285.0,345.87,351.32,342.33,351.47,341.95,1686888000000,481102
26333307.0,338.2942,339.31,338.05,342.08,335.86,1687233600000,421893
25117799.0,334.2187,336.37,333.56,337.73,332.07,1687320000000,386737
23556764.0,337.7777,334.12,339.71,340.12,333.34,1687406400000,374340
23146901.0,335.5853,334.36,335.02,337.96,333.45,1687492800000,351843
21520582.0,330.8935,333.72,328.6,336.11,328.49,1687752000000,391852
24353972.0,333.4372,331.86,334.57,336.15,329.3,1687838400000,345545
20259523.0,335.7149,334.66,335.85,337.98,333.81,1687924800000,327478
16997042.0,334.6334,334.71,335.05,336.11,332.62,1688011200000,276397
26832756.0,340.6447,337.75,340.54,342.73,337.2,1688097600000,364616
12507092.0,338.2957,339.19,337.99,340.9,336.571,1688356800000,252534
18172378.0,338.6334,335.09,338.15,341.65,334.7276,1688529600000,346745
28195534.0,340.0806,337.3,341.27,342.99,335.5,1688616000000,453686
21208974.0,339.134,339.32,337.22,341.79,337.0,1688702400000,336861
32739449.0,330.9423,334.6,331.83,335.23,327.59,1688961600000,551490
26698218.0,330.6934,331.06,332.47,332.86,327.0,1689048000000,428341
29995262.0,337.9785,336.6,337.2,341.652,335.67,1689134400000,443122
20567159.0,341.6023,339.56,342.66,343.74,339.02,1689220800000,352822
28349069.0,347.4862,347.59,345.24,351.43,344.31,1689307200000,474705
20363927.0,345.3375,345.678,345.73,346.99,342.2,1689566400000,354554
64851305.0,358.335,345.83,359.49,366.78,342.17,1689652800000,903519
39720401.0,356.9136,361.75,355.08,362.46,352.435,1689739200000,627574
33729395.0,349.2517,353.57,346.87,357.97,345.37,1689825600000,537719
69402882.0,344.6154,349.15,343.77,350.3,339.83,1689912000000,533848
26724646.0,344.8138,345.85,345.11,346.92,342.31,1690171200000,387230
41614439.0,348.2785,347.11,350.98,351.89,345.07,1690257600000,622408
58383702.0,337.2226,341.44,337.77,344.67,333.11,1690344000000,990567
39611012.0,334.6987,340.48,330.72,341.33,329.05,1690430400000,745452
28449068.0,337.4318,333.67,338.37,340.01,333.17,1690516800000,447434
25445972.0,335.1445,336.92,335.92,337.695,333.36,1690776000000,461944
18381253.0,336.4363,335.19,336.34,338.54,333.7,1690862400000,332085
27759757.0,328.8435,333.63,327.5,333.63,326.3551,1690948800000,521033
18360352.0,327.6559,326.0,326.66,329.88,325.95,1691035200000,323370
23741484.0,330.8896,331.88,327.78,335.14,327.24,1691121600000,430655
17023526.0,329.5521,328.37,330.11,331.11,327.52,1691380800000,307078
22274170.0,325.1445,326.96,326.05,328.75,323.0,1691467200000,389123
22339508.0,323.2968,326.47,322.23,327.11,321.0499,1691553600000,352448
20103165.0,323.9963,326.015,322.93,328.26,321.18,1691640000000,295450
24355491.0,321.0487,320.26,321.01,322.41,319.21,1691726400000,355599
18814579.0,322.6942,321.39,324.04,324.06,320.08,1691985600000,302315
16813785.0,322.9819,323.0,321.86,325.09,320.9034,1692072000000,294672
20698864.0,321.7008,320.8,320.4,324.42,319.8035,1692158400000,299352
21257161.0,318.3484,320.54,316.88,321.87,316.21,1692244800000,342111
24751706.0,315.3222,314.49,316.48,318.38,311.5508,1692331200000,404544
23989956.0,320.4589,317.93,321.88,322.77,317.04,1692590400000,358127
16018024.0,323.4052,325.5,322.46,326.075,321.46,1692676800000,294427
21164682.0,327.3649,323.82,327.0,329.2,323.46,1692763200000,289589
23277194.0,323.1078,332.85,319.97,332.98,319.96,1692849600000,338014
21684104.0,322.1106,321.47,322.98,325.36,318.8001,1692936000000,318092
14808482.0,323.4131,325.66,323.7,326.15,321.722,1693195200000,248204
19284590.0,327.1681,321.88,328.41,328.9835,321.88,1693281600000,299190
15222110.0,328.5478,328.67,328.79,329.81,326.445,1693368000000,251172
26403154.0,328.0876,329.2,327.76,330.9099,326.78,1693454400000,271738
14886424.0,328.5957,331.31,328.66,331.99,326.78,1693540800000,298313
18553859.0,332.6823,329.0,333.55,334.85,328.66,1693886400000,306760
17535773.0,332.2617,333.38,332.88,334.46,330.18,1693972800000,277719
18369595.0,330.6156,331.29,329.91,333.08,329.03,1694059200000,290407
19548165.0,334.384,330.09,334.27,336.16,329.46,1694145600000,307635
16583324.0,337.3191,337.24,337.94,338.42,335.43,1694404800000,277880
17562282.0,333.0369,335.815,331.77,336.79,331.48,1694491200000,284513
16544412.0,335.2687,331.31,336.06,336.85,331.17,1694577600000,257199
20263548.0,339.0099,339.148,338.7,340.86,336.57,1694664000000,310337
37503592.0,332.2853,336.92,330.22,337.3975,329.65,1694750400000,373232
16834208.0,328.6563,327.8,329.06,330.4,326.36,1695009600000,309477
16514487.0,327.2065,326.17,328.65,329.39,324.51,1695096000000,275795
21399225.0,324.4602,329.51,320.77,329.59,320.51,1695182400000,351303
35560362.0,320.9522,319.26,319.53,325.3499,315.0,1695268800000,526012
21436887.0,318.4263,321.32,317.01,321.45,316.15,1695355200000,341056
17835964.0,316.584,316.59,317.54,317.67,315.0,1695614400000,291124
25647573.0,312.1074,315.13,312.14,315.88,310.02,1695700800000,408374
19370182.0,311.9009,312.3,312.79,314.299,309.69,1695787200000,335794
19681064.0,312.8031,310.99,313.64,315.48,309.45,1695873600000,338062
24147298.0,316.6707,317.75,315.75,319.47,314.98,1695960000000,371549
20570006.0,319.5579,316.28,321.8,321.888,315.18,1696219200000,354432
21027792.0,314.3557,320.83,313.39,321.39,311.215,1696305600000,354262
20717444.0,317.962,314.03,318.955,320.04,314.0,1696392000000,340623
16965629.0,317.9018,319.09,319.36,319.98,314.9,1696478400000,292278
25673630.0,325.0766,316.55,327.26,329.19,316.3,1696564800000,374485
19891180.0,328.0256,324.75,329.82,330.3,323.18,1696824000000,309948
20557094.0,329.2022,330.96,328.39,331.1,327.67,1696910400000,314761
20063246.0,331.5068,331.21,332.42,332.82,329.14,1696996800000,280438
19313098.0,331.366,330.565,331.16,333.6299,328.72,1697083200000,334254
20983805.0,329.1471,332.38,327.73,333.83,326.36,1697169600000,397249
22153713.0,333.3168,331.05,332.64,336.14,330.6,1697428800000,360739
18238523.0,331.2465,329.59,332.06,333.46,327.41,1697515200000,293598
23145202.0,331.7636,332.49,330.11,335.59,328.3,1697601600000,333823
25049471.0,333.2315,332.15,331.32,336.88,330.91,1697688000000,366501
25020125.0,327.9375,331.72,326.67,331.92,325.45,1697774400000,322790
23974748.0,329.2188,325.47,329.32,332.725,324.39,1698033600000,353047
31153571.0,333.8854,331.3,330.53,331.84,327.6,1698120000000,480549
55053828.0,340.9822,345.02,340.67,346.2,337.62,1698206400000,729751
37810293.0,331.2156,340.54,327.89,341.63,326.94,1698292800000,534329
29791522.0,331.6575,330.425,329.81,336.72,328.4007,1698379200000,430129
22829326.0,336.3741,333.41,337.31,339.45,330.52,1698638400000,355946
20265282.0,337.2437,338.85,338.11,339.0,334.69,1698724800000,307402
28158819.0,344.9564,339.79,346.07,347.42,339.65,1698811200000,425441
24348072.0,347.5945,347.24,348.32,348.83,344.77,1698897600000,374637
23537673.0,351.9435,349.63,352.8,354.39,347.33,1698984000000,390975
23828301.0,355.997,353.45,356.53,357.54,353.35,1699246800000,377865
25823931.0,360.671,359.4,360.53,362.46,357.63,1699333200000,373389
26743428.0,362.3926,361.68,363.2,363.87,360.55,1699419600000,316039
24847331.0,362.0007,362.3,360.69,364.79,360.362,1699506000000,338377
28036164.0,367.5711,361.49,369.67,370.1,361.07,1699592400000,382843
19986506.0,367.1673,368.22,366.68,368.47,365.9,1699851600000,340608
27683862.0,370.2471,371.01,370.27,371.95,367.3454,1699938000000,409291
26856895.0,369.819,371.28,369.67,373.13,367.11,1700024400000,399873
27182315.0,374.8465,370.96,376.17,376.35,370.18,1700110800000,405563
39800371.0,370.7359,373.61,369.85,374.37,367.0,1700197200000,560741
52528964.0,375.7212,371.22,377.44,378.87,371.0,1700456400000,771744
28422845.0,373.1602,375.67,373.07,376.2215,371.12,1700542800000,460034
23173184.0,377.8874,378.0,377.85,379.7899,374.965,1700629200000,405032
10026649.0,376.8156,377.33,377.43,377.97,375.135,1700802000000,201902
22179228.0,378.5792,376.78,378.61,380.64,376.2,1701061200000,352779
20354067.0,381.5382,378.35,382.7,383.0,378.16,1701147600000,358980
28963399.0,379.514,383.76,378.85,384.3,377.44,1701234000000,405555
30545295.0,378.1431,378.49,378.91,380.09,375.47,1701320400000,364027
33036672.0,374.0143,376.76,374.51,378.16,371.31,1701406800000,516939
32063301.0,367.2104,369.1,369.14,369.52,362.9,1701666000000,504198
23017535.0,371.2053,366.45,372.52,373.075,365.621,1701752400000,373673
21174417.0,369.9703,373.54,368.8,374.18,368.03,1701838800000,326371
23118104.0,369.8581,368.23,370.95,371.4527,366.32,1701925200000,324952
20142366.0,372.7762,369.2,374.23,374.46,368.23,1702011600000,297366
27708757.0,369.5369,368.48,371.3,371.6,366.1,1702270800000,414479
24834333.0,372.7849,370.85,374.38,374.42,370.46,1702357200000,341947
30605531.0,374.3346,376.02,374.37,377.6361,370.77,1702443600000,397694
43270261.0,367.279,373.31,365.93,373.76,364.13,1702530000000,625496
78502324.0,370.1111,366.85,370.73,372.4,366.28,1702616400000,447189
21802878.0,371.7442,369.45,372.65,373.0,368.68,1702875600000,338225
20593658.0,372.2648,371.49,373.26,373.26,369.84,1702962000000,306094
26316623.0,373.0735,375.0,370.62,376.03,370.53,1703048400000,396010
17608006.0,372.3574,372.56,373.54,374.41,370.04,1703134800000,289267
17102684.0,374.4106,373.68,374.58,375.18,372.71,1703221200000,282280
12673050.0,374.7134,375.0,374.66,376.94,373.5,1703566800000,264666
14905412.0,373.7921,373.69,374.07,375.06,372.8116,1703653200000,266403
14327013.0,375.4457,375.37,375.28,376.458,374.16,1703739600000,278146
18730838.0,375.8532,376.0,376.04,377.16,373.48,1703826000000,296401
